fastq,expected_md5_checksum,actual_md5_checksum,md5_matches
CRR710761.fq.gz,74e8b66f6a3b8cb1e4a04b589ef52a6a,74e8b66f6a3b8cb1e4a04b589ef52a6a,True
CRR710762.fq.gz,4220b999467e0dac777845092f1930e0,4220b999467e0dac777845092f1930e0,True
CRR710763.fq.gz,11b31f0b62702116249e32227ca6a7a0,11b31f0b62702116249e32227ca6a7a0,True
CRR710764.fq.gz,4600e4e7cd2922743d773cfe919c1573,4600e4e7cd2922743d773cfe919c1573,True
CRR710765.fq.gz,82460ce4f40ba12c73a6a1ce2c4e5ff3,82460ce4f40ba12c73a6a1ce2c4e5ff3,True
CRR710766.fq.gz,11ab596d5f38d31ad3354560379e029e,11ab596d5f38d31ad3354560379e029e,True
CRR710767_f1.fq.gz,1a54cddc5d76067803284411ae9b7167,1a54cddc5d76067803284411ae9b7167,True
CRR710767_r2.fq.gz,d7bb4db00456d2a296985c1fa320c57e,d7bb4db00456d2a296985c1fa320c57e,True
CRR710768_f1.fq.gz,c7943d4034bb8ed2e884308f91aa6497,c7943d4034bb8ed2e884308f91aa6497,True
CRR710768_r2.fq.gz,21c9b68d272f2ba446f21d1210594c56,21c9b68d272f2ba446f21d1210594c56,True
CRR710769_f1.fq.gz,064c93523a260f186c11d09266a44fde,064c93523a260f186c11d09266a44fde,True
CRR710769_r2.fq.gz,249f023086f1a624cabe297051ad9b7a,249f023086f1a624cabe297051ad9b7a,True
CRR710770_f1.fq.gz,65d4ea6559a7d9b40e61e8925013d073,65d4ea6559a7d9b40e61e8925013d073,True
CRR710770_r2.fq.gz,a29119d506ebda0c4b83f174b6651fc2,a29119d506ebda0c4b83f174b6651fc2,True
CRR710771_f1.fq.gz,270c3c47b0ea57e616732b47800d58f2,270c3c47b0ea57e616732b47800d58f2,True
CRR710771_r2.fq.gz,a2a9c33bdbd5e7998ab4fb54356f0ec2,a2a9c33bdbd5e7998ab4fb54356f0ec2,True
CRR710772_f1.fq.gz,adf1338f9e6b9c678063ecf3d95606ff,adf1338f9e6b9c678063ecf3d95606ff,True
CRR710772_r2.fq.gz,25b4b390af227571d3b8396fdb241c5e,25b4b390af227571d3b8396fdb241c5e,True
CRR710773_f1.fq.gz,c44be8fea91cfeb05c0e69cc60a82e50,c44be8fea91cfeb05c0e69cc60a82e50,True
CRR710773_r2.fq.gz,75108a630c4987ad4d08763ae28f6050,75108a630c4987ad4d08763ae28f6050,True
CRR710774_f1.fq.gz,c11fa1ac5a009583dfcd20c0026e761e,c11fa1ac5a009583dfcd20c0026e761e,True
CRR710774_r2.fq.gz,3ed397f1c75a785cfe1fd89fed6b432a,3ed397f1c75a785cfe1fd89fed6b432a,True
CRR710775_f1.fq.gz,1e19459028bde2f37c57c705764adbdc,1e19459028bde2f37c57c705764adbdc,True
CRR710775_r2.fq.gz,f5ca4c7f4d5e417c1217bab8e094f4a9,f5ca4c7f4d5e417c1217bab8e094f4a9,True
CRR710776_f1.fq.gz,396303ecabc8806fbc520b8c7a210be7,396303ecabc8806fbc520b8c7a210be7,True
CRR710776_r2.fq.gz,16d9e245936d2f19374e804e9d6367e5,16d9e245936d2f19374e804e9d6367e5,True
CRR710777_f1.fq.gz,58c84200429811685fc342d4e3f5a120,58c84200429811685fc342d4e3f5a120,True
CRR710777_r2.fq.gz,8f11d4ca2dba21b4c445acd74cbade40,8f11d4ca2dba21b4c445acd74cbade40,True
CRR710778_f1.fq.gz,4ff671f278a24fa6001d1d816b0c5a01,4ff671f278a24fa6001d1d816b0c5a01,True
CRR710778_r2.fq.gz,88ab7d18d121ea536f6f8b5199ff213f,88ab7d18d121ea536f6f8b5199ff213f,True
CRR710779_f1.fq.gz,a267f564ea536a06b5b0e08972792ff7,a267f564ea536a06b5b0e08972792ff7,True
CRR710779_r2.fq.gz,4f0f5bce87ce377fcd5fd37bdeb471a9,4f0f5bce87ce377fcd5fd37bdeb471a9,True
CRR710780_f1.fq.gz,9e790b700091b3622e9af71af7a3886d,9e790b700091b3622e9af71af7a3886d,True
CRR710780_r2.fq.gz,0fbc595eed69901815fdedf1ab86a6f3,0fbc595eed69901815fdedf1ab86a6f3,True
CRR710781_f1.fq.gz,85a6632845cc1e4180f610bcea596d79,85a6632845cc1e4180f610bcea596d79,True
CRR710781_r2.fq.gz,e8861fa034ca13753ab145c236d42e8e,e8861fa034ca13753ab145c236d42e8e,True
CRR710782_f1.fq.gz,11602c5164ffc94ec51085cd27ff260c,11602c5164ffc94ec51085cd27ff260c,True
CRR710782_r2.fq.gz,706de0ed2b1af0d38dd853b053849225,706de0ed2b1af0d38dd853b053849225,True
CRR710783_f1.fq.gz,a0f847c864879e637b07d7ea2e901c4e,a0f847c864879e637b07d7ea2e901c4e,True
CRR710783_r2.fq.gz,1018bf79a5567774f7b65ad1dc07e06a,1018bf79a5567774f7b65ad1dc07e06a,True
CRR710784_f1.fq.gz,2eaeb7bf064f646b944f388edaa6f1ea,2eaeb7bf064f646b944f388edaa6f1ea,True
CRR710784_r2.fq.gz,895f249d1456250eec934d2ede1d9cc5,895f249d1456250eec934d2ede1d9cc5,True
CRR710785_f1.fq.gz,74b84cf0aa9335188d0afce0da374718,74b84cf0aa9335188d0afce0da374718,True
CRR710785_r2.fq.gz,d1156eb5f03d7655ab8f67fab1366094,d1156eb5f03d7655ab8f67fab1366094,True
CRR710786.fq.gz,bae7a8c15c075638135618ad6d9bdb25,bae7a8c15c075638135618ad6d9bdb25,True
CRR710787.fq.gz,dc6ffbd868d3f3bad6f324b17076e3b8,dc6ffbd868d3f3bad6f324b17076e3b8,True
CRR710788_f1.fq.gz,22b018fa47b7c81b8b3996f4009e6e61,22b018fa47b7c81b8b3996f4009e6e61,True
CRR710788_r2.fq.gz,bf7e0d97606162907828e4a62367ee5d,bf7e0d97606162907828e4a62367ee5d,True
CRR710789_f1.fq.gz,cae75d44eb27cd4937ec976d71eee0c8,cae75d44eb27cd4937ec976d71eee0c8,True
CRR710789_r2.fq.gz,ec463c2d20e63f322f9125f556d4e92d,ec463c2d20e63f322f9125f556d4e92d,True
CRR711156.fq.gz,185b57b6bdc18acdf5402d20ba44056b,185b57b6bdc18acdf5402d20ba44056b,True
CRR710790.fq.gz,b4b422186e3b52f468841504e7724b72,b4b422186e3b52f468841504e7724b72,True
CRR710791.fq.gz,f7596e250cb6be67e96522d8cea44582,f7596e250cb6be67e96522d8cea44582,True
CRR710792_f1.fq.gz,525a43f1e9e6d3ab767a99a337a2fd69,525a43f1e9e6d3ab767a99a337a2fd69,True
CRR710792_r2.fq.gz,86671d4c3439d722f027d79c7b1fa34f,86671d4c3439d722f027d79c7b1fa34f,True
CRR710793_f1.fq.gz,7965249b4ed59f2709850bdcb85d6ea6,7965249b4ed59f2709850bdcb85d6ea6,True
CRR710793_r2.fq.gz,1d1b14b722e3a99a0306a3c69c2320f8,1d1b14b722e3a99a0306a3c69c2320f8,True
CRR711157.fq.gz,8c71792a62183f72e70d7b64a74a0ff7,8c71792a62183f72e70d7b64a74a0ff7,True
CRR710794.fq.gz,b4b258fe3740b61a460e3bd63f89a8d1,b4b258fe3740b61a460e3bd63f89a8d1,True
CRR710795.fq.gz,c337cc2adfed0696be554b6fc6bafb83,c337cc2adfed0696be554b6fc6bafb83,True
CRR710796_f1.fq.gz,3bfd5b4474743f55c45fb96417b1b304,3bfd5b4474743f55c45fb96417b1b304,True
CRR710796_r2.fq.gz,a62bc62e1c701ddecef24b022a3ca14f,a62bc62e1c701ddecef24b022a3ca14f,True
CRR710797_f1.fq.gz,47563f2b73bd2e513d685243e815d1f5,47563f2b73bd2e513d685243e815d1f5,True
CRR710797_r2.fq.gz,994f7c51deb97771b8ed100e8ffc3e34,994f7c51deb97771b8ed100e8ffc3e34,True
CRR711158.fq.gz,99c6f9f9482ab4d83dbbbe4605915fdf,99c6f9f9482ab4d83dbbbe4605915fdf,True
CRR710798.fq.gz,46204ad37a5b09ec61b3a65b3a48ba4a,46204ad37a5b09ec61b3a65b3a48ba4a,True
CRR710799.fq.gz,f2d77904dded4725ab024c9e287356a7,f2d77904dded4725ab024c9e287356a7,True
CRR710800_f1.fq.gz,aba8ab7600443f40579dceddee83cd4f,aba8ab7600443f40579dceddee83cd4f,True
CRR710800_r2.fq.gz,facbda4a8938519846d54400facf6442,facbda4a8938519846d54400facf6442,True
CRR710801_f1.fq.gz,7b8d1fd111bfaee267aee32a75a9da21,7b8d1fd111bfaee267aee32a75a9da21,True
CRR710801_r2.fq.gz,b17f10b616a5b408f3d6b0bc590f4a27,b17f10b616a5b408f3d6b0bc590f4a27,True
CRR711159.fq.gz,7f0eac893287c7119af178e41e78d3d9,7f0eac893287c7119af178e41e78d3d9,True
CRR710802.fq.gz,8130ea35e6e1e42a0582eceee3d08f6c,8130ea35e6e1e42a0582eceee3d08f6c,True
CRR710803.fq.gz,2f813496705ec277a0c20aa2c94f6cd8,2f813496705ec277a0c20aa2c94f6cd8,True
CRR710804.fq.gz,22b0d293823db022843c0cc86c034261,22b0d293823db022843c0cc86c034261,True
CRR710805.fq.gz,d0eeb3655944ff6500cf8cc36c14f6dc,d0eeb3655944ff6500cf8cc36c14f6dc,True
CRR710806_f1.fq.gz,01d23bcfc7594c810f6457a8232dfada,01d23bcfc7594c810f6457a8232dfada,True
CRR710806_r2.fq.gz,aed42d09f8b18bdcc4158c12eb4c4377,aed42d09f8b18bdcc4158c12eb4c4377,True
CRR710807_f1.fq.gz,3a3f69440bb0114de4e7013e90a4be52,3a3f69440bb0114de4e7013e90a4be52,True
CRR710807_r2.fq.gz,731f7bf22cbce706be221ee7096144ab,731f7bf22cbce706be221ee7096144ab,True
CRR711160.fq.gz,9b447f6fbf655c9c3c1c642d47dbb0ac,9b447f6fbf655c9c3c1c642d47dbb0ac,True
CRR710808.fq.gz,9d4c455bf02a9451a2ac6e7577f6a9ad,9d4c455bf02a9451a2ac6e7577f6a9ad,True
CRR710809.fq.gz,d63f35091907493f359acf42dc3dd6e8,d63f35091907493f359acf42dc3dd6e8,True
CRR710810_f1.fq.gz,e2755e0b16e63ea3b4bd100d286555e5,e2755e0b16e63ea3b4bd100d286555e5,True
CRR710810_r2.fq.gz,4ba2bc4d11f017035da4245b02159796,4ba2bc4d11f017035da4245b02159796,True
CRR710811_f1.fq.gz,bf7b9e5ab2e9b8b851a3f5e62496e150,bf7b9e5ab2e9b8b851a3f5e62496e150,True
CRR710811_r2.fq.gz,255b05e844e95d57bccefa53ab0452c6,255b05e844e95d57bccefa53ab0452c6,True
CRR711161.fq.gz,647a12f5164ce3b75dd7558de514ab6b,647a12f5164ce3b75dd7558de514ab6b,True
CRR710812_f1.fq.gz,35d08034d108aba0935226b2cba43970,35d08034d108aba0935226b2cba43970,True
CRR710812_r2.fq.gz,acd692a8c638aeb34d30df98b614c726,acd692a8c638aeb34d30df98b614c726,True
CRR710813_f1.fq.gz,123b21f9136ecd413d53a656a58216b3,123b21f9136ecd413d53a656a58216b3,True
CRR710813_r2.fq.gz,cf59e7adc403f239b065c66742750326,cf59e7adc403f239b065c66742750326,True
CRR710814_f1.fq.gz,48fecaaef7ec017bdcd2dd1313fce9da,48fecaaef7ec017bdcd2dd1313fce9da,True
CRR710814_r2.fq.gz,20186a4de682a5ee316a9c5d8ec08336,20186a4de682a5ee316a9c5d8ec08336,True
CRR710815_f1.fq.gz,a5a414b962870f535d6e3779aae76d10,a5a414b962870f535d6e3779aae76d10,True
CRR710815_r2.fq.gz,8b5cce04c6164f14e9263cd7eef7ae2d,8b5cce04c6164f14e9263cd7eef7ae2d,True
CRR710816_f1.fq.gz,7c59c6e79da683868561de190458c3d9,7c59c6e79da683868561de190458c3d9,True
CRR710816_r2.fq.gz,2d63f74e54dc05e262285b5acf101f30,2d63f74e54dc05e262285b5acf101f30,True
CRR710817_f1.fq.gz,e1a782d304e853883f72e0e55a80d6fc,e1a782d304e853883f72e0e55a80d6fc,True
CRR710817_r2.fq.gz,6ddef76a352b0f6345e133b87ef52c84,6ddef76a352b0f6345e133b87ef52c84,True
CRR710818_f1.fq.gz,bb553f5a42eb5af83ae35c7d23a46e1a,bb553f5a42eb5af83ae35c7d23a46e1a,True
CRR710818_r2.fq.gz,26c7d03ae4cfc7fa5c4a596be6a94c15,26c7d03ae4cfc7fa5c4a596be6a94c15,True
CRR710819_f1.fq.gz,44b08c90b867491768163f74926ba8ef,44b08c90b867491768163f74926ba8ef,True
CRR710819_r2.fq.gz,712f709af4b985963714a1e9d42bac42,712f709af4b985963714a1e9d42bac42,True
CRR710820_f1.fq.gz,2c6b37e931417ed65b3d6bf5a826c278,2c6b37e931417ed65b3d6bf5a826c278,True
CRR710820_r2.fq.gz,c88bbaad688a51d3202c876f11287797,c88bbaad688a51d3202c876f11287797,True
CRR710821_f1.fq.gz,461536428a4379a6a6556eedd98a0ba6,461536428a4379a6a6556eedd98a0ba6,True
CRR710821_r2.fq.gz,7ac7195850d07ec99b783f9fdd4b5968,7ac7195850d07ec99b783f9fdd4b5968,True
CRR710822_f1.fq.gz,8999599e2c9836d368592c2d228b544d,8999599e2c9836d368592c2d228b544d,True
CRR710822_r2.fq.gz,c3292c01b7abcff1e5133f07c3aade9a,c3292c01b7abcff1e5133f07c3aade9a,True
CRR710823_f1.fq.gz,765714349a824dc96ab201361c88ceed,765714349a824dc96ab201361c88ceed,True
CRR710823_r2.fq.gz,edcb6e0ea46f9bf4774a6ffd955f031f,edcb6e0ea46f9bf4774a6ffd955f031f,True
CRR710824_f1.fq.gz,15163cd6ff43bfe176f1c91ca384a378,15163cd6ff43bfe176f1c91ca384a378,True
CRR710824_r2.fq.gz,c17ec9daab9fe80f90374e9f7874ed3c,c17ec9daab9fe80f90374e9f7874ed3c,True
CRR710825_f1.fq.gz,86ddf0b9afc6c68f26b641a4ba1f0a6e,86ddf0b9afc6c68f26b641a4ba1f0a6e,True
CRR710825_r2.fq.gz,d8f1f1b8803e3c7a7fcc6a8a011c1832,d8f1f1b8803e3c7a7fcc6a8a011c1832,True
CRR710826_f1.fq.gz,b450c9152e7117fc959acaa51d7a7135,b450c9152e7117fc959acaa51d7a7135,True
CRR710826_r2.fq.gz,e4974ff71927a63aa3436ff478be830b,e4974ff71927a63aa3436ff478be830b,True
CRR710827_f1.fq.gz,85f938ea2a8b414d1bd37e38ed9aaf1d,85f938ea2a8b414d1bd37e38ed9aaf1d,True
CRR710827_r2.fq.gz,f486dbbcef16d0b48c885b5be2df1138,f486dbbcef16d0b48c885b5be2df1138,True
CRR710828_f1.fq.gz,11cb133997c1d09b827bcf6e3e1ed64e,11cb133997c1d09b827bcf6e3e1ed64e,True
CRR710828_r2.fq.gz,96a8027aa6cec8fb983b81aa3da1f522,96a8027aa6cec8fb983b81aa3da1f522,True
CRR710829_f1.fq.gz,593813fe08091dc3272f8e343effc384,593813fe08091dc3272f8e343effc384,True
CRR710829_r2.fq.gz,7261cd2cf002dce67146459f9d4c985e,7261cd2cf002dce67146459f9d4c985e,True
CRR710830_f1.fq.gz,1de55c7e5f7bd84fc06c445990b51a62,1de55c7e5f7bd84fc06c445990b51a62,True
CRR710830_r2.fq.gz,eea25cd4e6e0ff85a66695810a84f05d,eea25cd4e6e0ff85a66695810a84f05d,True
CRR710831_f1.fq.gz,5ccead8844918e49117159fe591a91ba,5ccead8844918e49117159fe591a91ba,True
CRR710831_r2.fq.gz,7c6c392f30862d177b71660ede438d4f,7c6c392f30862d177b71660ede438d4f,True
CRR710832_f1.fq.gz,6564ed1e065ab5a9c6f64c4d16a33e10,6564ed1e065ab5a9c6f64c4d16a33e10,True
CRR710832_r2.fq.gz,1ca78ff550e3338af887f9a0406eae70,1ca78ff550e3338af887f9a0406eae70,True
CRR710833_f1.fq.gz,0d6daef1b5d43ec72f520eb0cfeeb5ce,0d6daef1b5d43ec72f520eb0cfeeb5ce,True
CRR710833_r2.fq.gz,9b44666c4439d7f90e5b9a2581fa34bc,9b44666c4439d7f90e5b9a2581fa34bc,True
CRR710834_f1.fq.gz,c27f4fb1072c857e5e8f38d9b8ed579c,c27f4fb1072c857e5e8f38d9b8ed579c,True
CRR710834_r2.fq.gz,0bee98662e74b2f4caacfdeca6c770b9,0bee98662e74b2f4caacfdeca6c770b9,True
CRR710835_f1.fq.gz,e8ca467ac20bc4fa7b06b65b0a2d39d6,e8ca467ac20bc4fa7b06b65b0a2d39d6,True
CRR710835_r2.fq.gz,df69803d02ee3be4e4c132684b456ac5,df69803d02ee3be4e4c132684b456ac5,True
CRR711143_f1.fq.gz,d119417335489012aaec9233595e6fcc,d119417335489012aaec9233595e6fcc,True
CRR711143_r2.fq.gz,c8505b12731cf1cc76e599702c2a95ca,c8505b12731cf1cc76e599702c2a95ca,True
CRR710836_f1.fq.gz,e53a6e15ce34df3ade9f68d33851ac04,e53a6e15ce34df3ade9f68d33851ac04,True
CRR710836_r2.fq.gz,e56fc4c12f81768da81c3277ef36596c,e56fc4c12f81768da81c3277ef36596c,True
CRR710837_f1.fq.gz,e369205963f05d8865564d0bd7540f30,e369205963f05d8865564d0bd7540f30,True
CRR710837_r2.fq.gz,5036740a901a70c938603441e0d9f9f4,5036740a901a70c938603441e0d9f9f4,True
CRR710838_f1.fq.gz,c80388dcb3bf01a13a547c1373c8a106,c80388dcb3bf01a13a547c1373c8a106,True
CRR710838_r2.fq.gz,a0da766b60a0fb67476772bed72233f0,a0da766b60a0fb67476772bed72233f0,True
CRR710839_f1.fq.gz,c6752f4fe1edbf5bb7e9b2409223c393,c6752f4fe1edbf5bb7e9b2409223c393,True
CRR710839_r2.fq.gz,c0ed5f5deb9b320184ae8f9b29897db5,c0ed5f5deb9b320184ae8f9b29897db5,True
CRR710840_f1.fq.gz,cd676091743ecd5545785532e31dff18,cd676091743ecd5545785532e31dff18,True
CRR710840_r2.fq.gz,6178f9d0613f92c67c27ea86823d3348,6178f9d0613f92c67c27ea86823d3348,True
CRR710841_f1.fq.gz,06c38dc14d5e6f4fde27d6619bbaf609,06c38dc14d5e6f4fde27d6619bbaf609,True
CRR710841_r2.fq.gz,97137aa34d079f7f8349ccc0f18964c9,97137aa34d079f7f8349ccc0f18964c9,True
CRR710842_f1.fq.gz,5fba63db2a859e083df24d4d01a7ed93,5fba63db2a859e083df24d4d01a7ed93,True
CRR710842_r2.fq.gz,728c457a75e4a93402328c88ec711d07,728c457a75e4a93402328c88ec711d07,True
CRR710843_f1.fq.gz,5ec0d7a1bb219bf02df99d46d2fbe081,5ec0d7a1bb219bf02df99d46d2fbe081,True
CRR710843_r2.fq.gz,efa81c9d782e93f9b043a6cad997a864,efa81c9d782e93f9b043a6cad997a864,True
CRR710844_f1.fq.gz,9fea8e06b3126c6426c14df0b41f42e4,9fea8e06b3126c6426c14df0b41f42e4,True
CRR710844_r2.fq.gz,6f7752a1b35b04ffa4f627de2f0a843f,6f7752a1b35b04ffa4f627de2f0a843f,True
CRR710845_f1.fq.gz,c4607c365002463050076756a2bddd30,c4607c365002463050076756a2bddd30,True
CRR710845_r2.fq.gz,e98f501007b380c2231f677a4869ad06,e98f501007b380c2231f677a4869ad06,True
CRR710846_f1.fq.gz,65bba4d00c5dad6541d562e164fd3c85,65bba4d00c5dad6541d562e164fd3c85,True
CRR710846_r2.fq.gz,3b724808eb16f616a1b5c3684ff1ce4e,3b724808eb16f616a1b5c3684ff1ce4e,True
CRR710847_f1.fq.gz,5275bb250f40199e7608c8142ab0f686,5275bb250f40199e7608c8142ab0f686,True
CRR710847_r2.fq.gz,9af5e1b46d26de2dfc9d3ec3575104b0,9af5e1b46d26de2dfc9d3ec3575104b0,True
CRR710848_f1.fq.gz,d84936a7b6719d6785f8dceeaca5284a,d84936a7b6719d6785f8dceeaca5284a,True
CRR710848_r2.fq.gz,dbb5412b4b07eb6ee876f9828f5484af,dbb5412b4b07eb6ee876f9828f5484af,True
CRR710849_f1.fq.gz,dea8584f699026b9d3fffcf082cc2560,dea8584f699026b9d3fffcf082cc2560,True
CRR710849_r2.fq.gz,8c07ab457e9c2fccc9c3834267c767f9,8c07ab457e9c2fccc9c3834267c767f9,True
CRR710850_f1.fq.gz,946f86a975ef894866024aff3b8b17fc,946f86a975ef894866024aff3b8b17fc,True
CRR710850_r2.fq.gz,ba53249da569e27f75c03d94484979f0,ba53249da569e27f75c03d94484979f0,True
CRR710851_f1.fq.gz,9b37f16ebf21f32e5b3fffb6e0dd3189,9b37f16ebf21f32e5b3fffb6e0dd3189,True
CRR710851_r2.fq.gz,7d3b0ef160c053f3c99bd9ce96f3f1c6,7d3b0ef160c053f3c99bd9ce96f3f1c6,True
CRR710852_f1.fq.gz,2b249ceb4aa00b2b4f3986fd6b8c1e8c,2b249ceb4aa00b2b4f3986fd6b8c1e8c,True
CRR710852_r2.fq.gz,3fce9d3c073cd045bf39b3c3e0e20151,3fce9d3c073cd045bf39b3c3e0e20151,True
CRR710853_f1.fq.gz,754811e8e0239ab3f9b79962d594f8d5,754811e8e0239ab3f9b79962d594f8d5,True
CRR710853_r2.fq.gz,3bf17dab19f6f28b0fd4bbba8376f8df,3bf17dab19f6f28b0fd4bbba8376f8df,True
CRR710854_f1.fq.gz,1d7a7693dd7cbb5011947635912c5cbc,1d7a7693dd7cbb5011947635912c5cbc,True
CRR710854_r2.fq.gz,800e7c5357e80750b038696bf463f6d6,800e7c5357e80750b038696bf463f6d6,True
CRR710855_f1.fq.gz,5a3d140d6f37674b9fdde46b88674118,5a3d140d6f37674b9fdde46b88674118,True
CRR710855_r2.fq.gz,804a6f1d3afa8a6f590a083825ce2ff3,804a6f1d3afa8a6f590a083825ce2ff3,True
CRR710856_f1.fq.gz,ff547f882ff125ca22596f959f147a9e,ff547f882ff125ca22596f959f147a9e,True
CRR710856_r2.fq.gz,87243bb9880575aa68c4eaf8d047edaf,87243bb9880575aa68c4eaf8d047edaf,True
CRR710857_f1.fq.gz,6790de2f95b72a0ec587d072602ffe7b,6790de2f95b72a0ec587d072602ffe7b,True
CRR710857_r2.fq.gz,231a122b45746a0061ec50d69360780a,231a122b45746a0061ec50d69360780a,True
CRR710858_f1.fq.gz,6692fab9d3709e44f2de2092e7b74a71,6692fab9d3709e44f2de2092e7b74a71,True
CRR710858_r2.fq.gz,ca4e3f5f19428d08c0cc6fc449dbfa45,ca4e3f5f19428d08c0cc6fc449dbfa45,True
CRR710859_f1.fq.gz,231ff83a21be3844b2a107a7a80ba86b,231ff83a21be3844b2a107a7a80ba86b,True
CRR710859_r2.fq.gz,c32b916fbedf3afe3bd0cc22642a54a4,c32b916fbedf3afe3bd0cc22642a54a4,True
CRR710860_f1.fq.gz,c60b70342a366f0cdbcd0abbe50be41a,c60b70342a366f0cdbcd0abbe50be41a,True
CRR710860_r2.fq.gz,c549c08d57f4ec6294a3147d4d15be48,c549c08d57f4ec6294a3147d4d15be48,True
CRR710861_f1.fq.gz,33c56b5e14d3f95231a3d4ab12c2bbc8,33c56b5e14d3f95231a3d4ab12c2bbc8,True
CRR710861_r2.fq.gz,9057f73b41578deaf39e18c6b532d9b8,9057f73b41578deaf39e18c6b532d9b8,True
CRR710862_f1.fq.gz,84f864572e48b2f10a8e64e1075dca2f,84f864572e48b2f10a8e64e1075dca2f,True
CRR710862_r2.fq.gz,267ec50c89f79c7487986813a0999900,267ec50c89f79c7487986813a0999900,True
CRR710863_f1.fq.gz,df0aa17bf1132003d1bc0007b2dfd303,df0aa17bf1132003d1bc0007b2dfd303,True
CRR710863_r2.fq.gz,08fbb1dd0ca041d8014f3b372450bd63,08fbb1dd0ca041d8014f3b372450bd63,True
CRR710864_f1.fq.gz,6cfd3926a23c3391b7d62d9883791ae2,6cfd3926a23c3391b7d62d9883791ae2,True
CRR710864_r2.fq.gz,c7e6aec2054a7fe187d6218ec59f611b,c7e6aec2054a7fe187d6218ec59f611b,True
CRR710865_f1.fq.gz,2b55ed789046b3ddcb1ad448547d5f31,2b55ed789046b3ddcb1ad448547d5f31,True
CRR710865_r2.fq.gz,b33974be3235804339f8be148b52007d,b33974be3235804339f8be148b52007d,True
CRR710866_f1.fq.gz,896dcd5ff3296c8c489ed16855fc3c80,896dcd5ff3296c8c489ed16855fc3c80,True
CRR710866_r2.fq.gz,3fb17e7a9e43903b7ff2703a2a31aa5c,3fb17e7a9e43903b7ff2703a2a31aa5c,True
CRR710867_f1.fq.gz,b595990e9eb0dbf6cc5561b788cc0abf,b595990e9eb0dbf6cc5561b788cc0abf,True
CRR710867_r2.fq.gz,2bb24465aa9d1cd653aac268cbdd759a,2bb24465aa9d1cd653aac268cbdd759a,True
CRR710868_f1.fq.gz,f82b755034c90403c9c63b245c47aa68,f82b755034c90403c9c63b245c47aa68,True
CRR710868_r2.fq.gz,73ca92a5e5aed3d52514979d3e055572,73ca92a5e5aed3d52514979d3e055572,True
CRR710869_f1.fq.gz,212d772b7fcbf92a22cec24fc9dab0af,212d772b7fcbf92a22cec24fc9dab0af,True
CRR710869_r2.fq.gz,ee951cbfd15a57bb27abc8829296f38a,ee951cbfd15a57bb27abc8829296f38a,True
CRR710870_f1.fq.gz,61a55bfed5e0322267ce3e753875c81f,61a55bfed5e0322267ce3e753875c81f,True
CRR710870_r2.fq.gz,564732ddc0e64268e0cab2fbce6bee56,564732ddc0e64268e0cab2fbce6bee56,True
CRR710871_f1.fq.gz,f356c2468f440221df9420e6a9482d3f,f356c2468f440221df9420e6a9482d3f,True
CRR710871_r2.fq.gz,15decaffeb2e52f556004e8cc14bde3f,15decaffeb2e52f556004e8cc14bde3f,True
CRR710872_f1.fq.gz,bcf7519cd437640a6a85c6ca9ae0f2ad,bcf7519cd437640a6a85c6ca9ae0f2ad,True
CRR710872_r2.fq.gz,c2d9eae61e735074824f86ffe3bcc8f0,c2d9eae61e735074824f86ffe3bcc8f0,True
CRR710873_f1.fq.gz,cb1b6089d8acbbf22f3609d56abec19f,cb1b6089d8acbbf22f3609d56abec19f,True
CRR710873_r2.fq.gz,bd731bbe56b2a2120646956930da2305,bd731bbe56b2a2120646956930da2305,True
CRR710874_f1.fq.gz,3d7590f98ed8f9d0238ff6c1e39d097e,3d7590f98ed8f9d0238ff6c1e39d097e,True
CRR710874_r2.fq.gz,2431e27166c2f13829893dd307cbdf36,2431e27166c2f13829893dd307cbdf36,True
CRR710875_f1.fq.gz,561bc3f43ebc14657e30e2674ce80061,561bc3f43ebc14657e30e2674ce80061,True
CRR710875_r2.fq.gz,69ca545b4bcd5e810c483998eee3d853,69ca545b4bcd5e810c483998eee3d853,True
CRR710876_f1.fq.gz,d93d62919e13e533ac120b863b250ed7,d93d62919e13e533ac120b863b250ed7,True
CRR710876_r2.fq.gz,6f48f21970d95d88422924367e2b2939,6f48f21970d95d88422924367e2b2939,True
CRR710877_f1.fq.gz,f6c1ff121eb79bd759d6daa84d86e790,f6c1ff121eb79bd759d6daa84d86e790,True
CRR710877_r2.fq.gz,fc60f7ed99d3208d623ca1de66e4a62e,fc60f7ed99d3208d623ca1de66e4a62e,True
CRR710878_f1.fq.gz,f93cf55bca1256c6024c647da745faef,f93cf55bca1256c6024c647da745faef,True
CRR710878_r2.fq.gz,c975a19638684e28418ddcc2af61fdc9,c975a19638684e28418ddcc2af61fdc9,True
CRR710879_f1.fq.gz,7b30f82472a91519f995d98514d185ed,7b30f82472a91519f995d98514d185ed,True
CRR710879_r2.fq.gz,1702f1b5042813e5f4505ad7639f0a96,1702f1b5042813e5f4505ad7639f0a96,True
CRR710880_f1.fq.gz,af25666798aeaa8af964bcdacf384ea6,af25666798aeaa8af964bcdacf384ea6,True
CRR710880_r2.fq.gz,0fedd88df168f4a11351cc2956a06e8a,0fedd88df168f4a11351cc2956a06e8a,True
CRR710881_f1.fq.gz,3bb3b2584cd4ca02f42a7fae83cece5b,3bb3b2584cd4ca02f42a7fae83cece5b,True
CRR710881_r2.fq.gz,976aecbe3cbcfb76f81de71a135ed02b,976aecbe3cbcfb76f81de71a135ed02b,True
CRR710882_f1.fq.gz,7139af55e335137429ba53a78fd4311c,7139af55e335137429ba53a78fd4311c,True
CRR710882_r2.fq.gz,48f893021d0719c654cefbdc735bff42,48f893021d0719c654cefbdc735bff42,True
CRR710883_f1.fq.gz,1e34d405e549898be32cd42f398b5e8b,1e34d405e549898be32cd42f398b5e8b,True
CRR710883_r2.fq.gz,5aa14908c2168226af2fab9818086777,5aa14908c2168226af2fab9818086777,True
CRR710884_f1.fq.gz,1211ee1ced6483b834f0dde9473fda18,1211ee1ced6483b834f0dde9473fda18,True
CRR710884_r2.fq.gz,a23b3e4c6719acf063fb42d6f0c4577b,a23b3e4c6719acf063fb42d6f0c4577b,True
CRR710885_f1.fq.gz,c2f1d83297d36f0b61801538c80872b7,c2f1d83297d36f0b61801538c80872b7,True
CRR710885_r2.fq.gz,a4ccf5722fad3ab11cc1b8c46c56e9e6,a4ccf5722fad3ab11cc1b8c46c56e9e6,True
CRR710886_f1.fq.gz,aa0e4285c3a02e7f33c4b598c122c661,aa0e4285c3a02e7f33c4b598c122c661,True
CRR710886_r2.fq.gz,2747e8125b54dd4dcdbbf95ae027c65f,2747e8125b54dd4dcdbbf95ae027c65f,True
CRR710887_f1.fq.gz,a8c4089a39a25b65ec320b463468c842,a8c4089a39a25b65ec320b463468c842,True
CRR710887_r2.fq.gz,9708bca460d1fa413850dfa82301df80,9708bca460d1fa413850dfa82301df80,True
CRR710888_f1.fq.gz,301d425851b06f035c5d361f02985e36,301d425851b06f035c5d361f02985e36,True
CRR710888_r2.fq.gz,4fd1a140dab54981990597230adb21a0,4fd1a140dab54981990597230adb21a0,True
CRR710889_f1.fq.gz,ce32849599cb456ed17d94a72e6c202a,ce32849599cb456ed17d94a72e6c202a,True
CRR710889_r2.fq.gz,b9ec67a9639901db3965e4fbee176db6,b9ec67a9639901db3965e4fbee176db6,True
CRR710890_f1.fq.gz,f8453537e46475a5e934498ebdee1ad8,f8453537e46475a5e934498ebdee1ad8,True
CRR710890_r2.fq.gz,b49ddb5e7578d66407f12e9c5d4e5377,b49ddb5e7578d66407f12e9c5d4e5377,True
CRR710891_f1.fq.gz,14fbac58545ae3c2a3a11443e7f0d8a0,14fbac58545ae3c2a3a11443e7f0d8a0,True
CRR710891_r2.fq.gz,ed4eae2eb75914c9ec10f01228d3392a,ed4eae2eb75914c9ec10f01228d3392a,True
CRR710892_f1.fq.gz,1f4aff360aaa8e29c246c88234cb590f,1f4aff360aaa8e29c246c88234cb590f,True
CRR710892_r2.fq.gz,b425d1e1b2e06d40634ed0de58ac15c0,b425d1e1b2e06d40634ed0de58ac15c0,True
CRR710893_f1.fq.gz,bbdefedb1259896b0217a6b0947f0bd8,bbdefedb1259896b0217a6b0947f0bd8,True
CRR710893_r2.fq.gz,cac6febfa98f9f36489945e0d4fe4f24,cac6febfa98f9f36489945e0d4fe4f24,True
CRR710894_f1.fq.gz,ccd509548cc06f8e25dff2a5098b5603,ccd509548cc06f8e25dff2a5098b5603,True
CRR710894_r2.fq.gz,390d6766fd95f032008fc99ddcbf3a34,390d6766fd95f032008fc99ddcbf3a34,True
CRR710895_f1.fq.gz,334c6e42498ccabd28302c81d22212c1,334c6e42498ccabd28302c81d22212c1,True
CRR710895_r2.fq.gz,a84877cafdf7252802b29e752847801a,a84877cafdf7252802b29e752847801a,True
CRR710896_f1.fq.gz,1c28100da0b2fcd5361b7d536951e1db,1c28100da0b2fcd5361b7d536951e1db,True
CRR710896_r2.fq.gz,52c66f0fcbf0ffbd8fc1b7561a8834d3,52c66f0fcbf0ffbd8fc1b7561a8834d3,True
CRR710897_f1.fq.gz,c9b97af37f5c3a862a5597c9d08c5fbd,c9b97af37f5c3a862a5597c9d08c5fbd,True
CRR710897_r2.fq.gz,4c4f28e77ffff0638b178d503c473dc2,4c4f28e77ffff0638b178d503c473dc2,True
CRR710898_f1.fq.gz,c762d533c8375e609d6392b8a3ed0dff,c762d533c8375e609d6392b8a3ed0dff,True
CRR710898_r2.fq.gz,741d83c5b34171d9794ca097bad90877,741d83c5b34171d9794ca097bad90877,True
CRR710899_f1.fq.gz,bcf1d241afdc52663a5b1a9e63d39a4d,bcf1d241afdc52663a5b1a9e63d39a4d,True
CRR710899_r2.fq.gz,1594170d8ab87d19b1022a538710d938,1594170d8ab87d19b1022a538710d938,True
CRR710900_f1.fq.gz,24c03c370b29102c91ad402db88af3bd,24c03c370b29102c91ad402db88af3bd,True
CRR710900_r2.fq.gz,c05ace78ea8a57049480e4e8d55c6b95,c05ace78ea8a57049480e4e8d55c6b95,True
CRR710901_f1.fq.gz,f00bfcc35b01dc254ab7e161d318ba69,f00bfcc35b01dc254ab7e161d318ba69,True
CRR710901_r2.fq.gz,3c9a1a89529a104e4ee3872702cbedee,3c9a1a89529a104e4ee3872702cbedee,True
CRR710902_f1.fq.gz,d2da594fd0982a34d968f187ef5e9366,d2da594fd0982a34d968f187ef5e9366,True
CRR710902_r2.fq.gz,ecbe30c2fb60fb156c46fae11b8356cf,ecbe30c2fb60fb156c46fae11b8356cf,True
CRR710903_f1.fq.gz,a8d1cb238494f963fc0ff4fb203870e3,a8d1cb238494f963fc0ff4fb203870e3,True
CRR710903_r2.fq.gz,391fe5d2c1bb20129212bb922f3c9dce,391fe5d2c1bb20129212bb922f3c9dce,True
CRR710904_f1.fq.gz,7f52aca44eeeb7b608278a7cc90a60c1,7f52aca44eeeb7b608278a7cc90a60c1,True
CRR710904_r2.fq.gz,bc2969228f050a85e37e75086e42d17d,bc2969228f050a85e37e75086e42d17d,True
CRR710905_f1.fq.gz,f2027687936e1e213081cb6ef12de5a3,f2027687936e1e213081cb6ef12de5a3,True
CRR710905_r2.fq.gz,466f5ad476418a1fa743d75a2d198f86,466f5ad476418a1fa743d75a2d198f86,True
CRR710906_f1.fq.gz,91ceeb58a973eaa37cdeeb9475804d03,91ceeb58a973eaa37cdeeb9475804d03,True
CRR710906_r2.fq.gz,9c67d33030a1696a328766060e9b68a5,9c67d33030a1696a328766060e9b68a5,True
CRR710907_f1.fq.gz,dd89806f9d28340e7609ae41767b1b81,dd89806f9d28340e7609ae41767b1b81,True
CRR710907_r2.fq.gz,9a9cba76b86e0c0f61ddc46ddc9aa76b,9a9cba76b86e0c0f61ddc46ddc9aa76b,True
CRR710908_f1.fq.gz,81346df593b8b0f7a747bba8b04ed5f8,81346df593b8b0f7a747bba8b04ed5f8,True
CRR710908_r2.fq.gz,88a03e2bc4fc1565ab0917fcebe48b09,88a03e2bc4fc1565ab0917fcebe48b09,True
CRR710909_f1.fq.gz,f582d71cbef4f0011c49315467903b5a,f582d71cbef4f0011c49315467903b5a,True
CRR710909_r2.fq.gz,46a69672fb2d7e2d450e1bf554ea85fa,46a69672fb2d7e2d450e1bf554ea85fa,True
CRR710910_f1.fq.gz,19ce367009e5faae57e8ce2640a11a92,19ce367009e5faae57e8ce2640a11a92,True
CRR710910_r2.fq.gz,e2f64c7b1c729c33bfd05ccefcb3fa11,e2f64c7b1c729c33bfd05ccefcb3fa11,True
CRR710911_f1.fq.gz,0189d0d925bf5bfe617a0fa98e87103d,0189d0d925bf5bfe617a0fa98e87103d,True
CRR710911_r2.fq.gz,eb72fcdf223629cfecc8d21649971cb7,eb72fcdf223629cfecc8d21649971cb7,True
CRR710912_f1.fq.gz,439dd8ce8bb90118f99ad7d3fd817692,439dd8ce8bb90118f99ad7d3fd817692,True
CRR710912_r2.fq.gz,c7c0c2236284cbf284a50f5193e5859b,c7c0c2236284cbf284a50f5193e5859b,True
CRR710913_f1.fq.gz,c98b7dbe33ec961fe641f6808b4d5d31,c98b7dbe33ec961fe641f6808b4d5d31,True
CRR710913_r2.fq.gz,7e17c930a4d1a5414e4b4fdec24739c8,7e17c930a4d1a5414e4b4fdec24739c8,True
CRR710914_f1.fq.gz,907927582d43720338ba672cb2e33066,907927582d43720338ba672cb2e33066,True
CRR710914_r2.fq.gz,000c76886eaf1b41c381baa1faec7ce1,000c76886eaf1b41c381baa1faec7ce1,True
CRR710915_f1.fq.gz,d47173f8ca426dd8f6e68d858138ddb2,d47173f8ca426dd8f6e68d858138ddb2,True
CRR710915_r2.fq.gz,1a05b7baff15a7d4d22bd9db95b7b48d,1a05b7baff15a7d4d22bd9db95b7b48d,True
CRR710916_f1.fq.gz,14528e29029c094166c5d593cd55c97a,14528e29029c094166c5d593cd55c97a,True
CRR710916_r2.fq.gz,c0944eccc602331a348a9f912233d963,c0944eccc602331a348a9f912233d963,True
CRR710917_f1.fq.gz,e27e953c4949aae456844ebb463bca32,e27e953c4949aae456844ebb463bca32,True
CRR710917_r2.fq.gz,df5e67e0b50a6e22fd1bcccc4f464ec4,df5e67e0b50a6e22fd1bcccc4f464ec4,True
CRR710918_f1.fq.gz,5a32ca92ffbbad101d8dd7179ad780d5,5a32ca92ffbbad101d8dd7179ad780d5,True
CRR710918_r2.fq.gz,263117960c5b06d7082269874038bc1f,263117960c5b06d7082269874038bc1f,True
CRR710919_f1.fq.gz,6150b4d01b2285347b21d33c689ce7c9,6150b4d01b2285347b21d33c689ce7c9,True
CRR710919_r2.fq.gz,8136502516327bac7e5cf31593106554,8136502516327bac7e5cf31593106554,True
CRR710920_f1.fq.gz,8c4d1d3c91866c09f5d5d1dc3e7b3a22,8c4d1d3c91866c09f5d5d1dc3e7b3a22,True
CRR710920_r2.fq.gz,998796db1614cae936edd8ed0f14297a,998796db1614cae936edd8ed0f14297a,True
CRR710921_f1.fq.gz,ffdf3a7e11bece75f61059ec478f2177,ffdf3a7e11bece75f61059ec478f2177,True
CRR710921_r2.fq.gz,56c42638e54a3e5bfebcdce301c4dc86,56c42638e54a3e5bfebcdce301c4dc86,True
CRR710922_f1.fq.gz,bce3499204fb67b7ba8c6743fe26da20,bce3499204fb67b7ba8c6743fe26da20,True
CRR710922_r2.fq.gz,1f3d4ad0f7b93a40cddb255c7dfb0af6,1f3d4ad0f7b93a40cddb255c7dfb0af6,True
CRR710923_f1.fq.gz,436559ce691494909143458e71a3fa21,436559ce691494909143458e71a3fa21,True
CRR710923_r2.fq.gz,ad54a91eb4f2ec9bcb9f9f47c634a732,ad54a91eb4f2ec9bcb9f9f47c634a732,True
CRR710924_f1.fq.gz,477bcc44e49ee8e00e4d4877b552212d,477bcc44e49ee8e00e4d4877b552212d,True
CRR710924_r2.fq.gz,a675f586eb2895d40d2523a1a4d26dad,a675f586eb2895d40d2523a1a4d26dad,True
CRR710925_f1.fq.gz,c152c2828beb4400719f93bb70e9a0e9,c152c2828beb4400719f93bb70e9a0e9,True
CRR710925_r2.fq.gz,5f6236023cfeba906a6035f35362db94,5f6236023cfeba906a6035f35362db94,True
CRR710926_f1.fq.gz,5c53fa52c9bf79f2f0eb1ea8ea2965ca,5c53fa52c9bf79f2f0eb1ea8ea2965ca,True
CRR710926_r2.fq.gz,f4a0c8ef4450b8b73f5c040a310f77a3,f4a0c8ef4450b8b73f5c040a310f77a3,True
CRR710927_f1.fq.gz,7f2f01617d21a1f41b245aa5d1af44f7,7f2f01617d21a1f41b245aa5d1af44f7,True
CRR710927_r2.fq.gz,fea00b3c54726fd45213247510eb730b,fea00b3c54726fd45213247510eb730b,True
CRR710928_f1.fq.gz,77362a31ba5401ccce49299e436f3fb6,77362a31ba5401ccce49299e436f3fb6,True
CRR710928_r2.fq.gz,d7044bfae499f647a496f1905636732a,d7044bfae499f647a496f1905636732a,True
CRR710929_f1.fq.gz,a925d84edaf0ead42ec6553a364053df,a925d84edaf0ead42ec6553a364053df,True
CRR710929_r2.fq.gz,a69d26e64372f3b628b48dabca3cf964,a69d26e64372f3b628b48dabca3cf964,True
CRR710930_f1.fq.gz,cd3ce815b1a0d27157fc39d9d2e3bf9a,cd3ce815b1a0d27157fc39d9d2e3bf9a,True
CRR710930_r2.fq.gz,fa73168e1fd1b30cc9d84c61c8c7d9dc,fa73168e1fd1b30cc9d84c61c8c7d9dc,True
CRR710931_f1.fq.gz,e94fefc5e01e2a8443d3c48cb6399095,e94fefc5e01e2a8443d3c48cb6399095,True
CRR710931_r2.fq.gz,fcd1643e1316b4b1fc5ade60eb75ccbf,fcd1643e1316b4b1fc5ade60eb75ccbf,True
CRR710932_f1.fq.gz,0a73757c83b739922b306eae56dfc7c7,0a73757c83b739922b306eae56dfc7c7,True
CRR710932_r2.fq.gz,bd3dbc0c32d1502ee6c7472986d81d52,bd3dbc0c32d1502ee6c7472986d81d52,True
CRR710933_f1.fq.gz,1342328447b03fe98dd526a88ba9eec9,1342328447b03fe98dd526a88ba9eec9,True
CRR710933_r2.fq.gz,d3bef4de82c46c57c401237c15080646,d3bef4de82c46c57c401237c15080646,True
CRR710934_f1.fq.gz,1a4c476d874460b0cda63d5541a62a62,1a4c476d874460b0cda63d5541a62a62,True
CRR710934_r2.fq.gz,f1ccb327d910eb98ae4ed1b2639a59fe,f1ccb327d910eb98ae4ed1b2639a59fe,True
CRR710935_f1.fq.gz,44b1e58e4885fe5651e07d493ddde561,44b1e58e4885fe5651e07d493ddde561,True
CRR710935_r2.fq.gz,6e4262d38c9aed9d59c23c70a9718760,6e4262d38c9aed9d59c23c70a9718760,True
CRR710936.fq.gz,59d3542ae86af20bb2d77f30ee70bcad,59d3542ae86af20bb2d77f30ee70bcad,True
CRR710937.fq.gz,8d32edcf69cb165444591395bba6929e,8d32edcf69cb165444591395bba6929e,True
CRR710938.fq.gz,6acbc3cdef832feb94c4d6119adb12a3,6acbc3cdef832feb94c4d6119adb12a3,True
CRR710939.fq.gz,41003b424fdb2a023084089422f45c51,41003b424fdb2a023084089422f45c51,True
CRR710940.fq.gz,00fe7df5b0867a24f735d254aefe182c,00fe7df5b0867a24f735d254aefe182c,True
CRR710941.fq.gz,ed2c3ddadb83372fa59edcfdd95cf1ae,ed2c3ddadb83372fa59edcfdd95cf1ae,True
CRR710942.fq.gz,2edddbeacdc424a0f643eb1577e48c1e,2edddbeacdc424a0f643eb1577e48c1e,True
CRR710943.fq.gz,27dfe7ddd63631f4a79fc70b424a2d0e,27dfe7ddd63631f4a79fc70b424a2d0e,True
CRR710944.fq.gz,20c831f59078c9c63aeaf3661fc18ada,20c831f59078c9c63aeaf3661fc18ada,True
CRR710945.fq.gz,3f28d6661e17cb87235d6b0cdbce1d0a,3f28d6661e17cb87235d6b0cdbce1d0a,True
CRR710946.fq.gz,3e8b627106d413daf803c2e232a6c244,3e8b627106d413daf803c2e232a6c244,True
CRR710947.fq.gz,4edde3052f85fcc9f17badab04129aa2,4edde3052f85fcc9f17badab04129aa2,True
CRR710948.fq.gz,3a1d85880aab77bdca1643aa504343a4,3a1d85880aab77bdca1643aa504343a4,True
CRR710949.fq.gz,2d877b910fcbad13e45690a68ff765c7,2d877b910fcbad13e45690a68ff765c7,True
CRR710950.fq.gz,339086f13466ab7af5068097f3b01571,339086f13466ab7af5068097f3b01571,True
CRR710951.fq.gz,15dea83fc00cbc844adca9f0f9077757,15dea83fc00cbc844adca9f0f9077757,True
CRR710952.fq.gz,5703a03a366564fe276413b1168e577a,5703a03a366564fe276413b1168e577a,True
CRR710953.fq.gz,13614e19737c86c26f3d1c65c47d7194,13614e19737c86c26f3d1c65c47d7194,True
CRR710954.fq.gz,c739cf914de352f9ca98c7914c39479a,c739cf914de352f9ca98c7914c39479a,True
CRR710955.fq.gz,57e61ecce98c1b76949880f4c430b4a6,57e61ecce98c1b76949880f4c430b4a6,True
CRR710956.fq.gz,f5665994d5286dd46cca1126edc6c467,f5665994d5286dd46cca1126edc6c467,True
CRR710957.fq.gz,c1c781ab89822b56a1513809de645d0f,c1c781ab89822b56a1513809de645d0f,True
CRR710958.fq.gz,75b4a891d680270e6c6032fbc29bc17f,75b4a891d680270e6c6032fbc29bc17f,True
CRR710959.fq.gz,30c5addc5254f878353f43da0351a8a8,30c5addc5254f878353f43da0351a8a8,True
CRR710960.fq.gz,81ef7fc9ce3adbb4f1d6704d7bd33eea,81ef7fc9ce3adbb4f1d6704d7bd33eea,True
CRR710961.fq.gz,cc5555916df9dfad3eb67a079c76f0d6,cc5555916df9dfad3eb67a079c76f0d6,True
CRR710962.fq.gz,5939cc5b2e258ffef9b17becd958c554,5939cc5b2e258ffef9b17becd958c554,True
CRR710963.fq.gz,337a6700d430edf0f331356a94de865a,337a6700d430edf0f331356a94de865a,True
CRR710964.fq.gz,2df8b561df1e1a6506081b092777e3eb,2df8b561df1e1a6506081b092777e3eb,True
CRR710965.fq.gz,481c3ce451f5fba87eee40ab6b2177bd,481c3ce451f5fba87eee40ab6b2177bd,True
CRR710966.fq.gz,01f73febdcf23afce79fc730782d9508,01f73febdcf23afce79fc730782d9508,True
CRR710967.fq.gz,4da37aebdba95702c13d9fed6a05c761,4da37aebdba95702c13d9fed6a05c761,True
CRR710968.fq.gz,682dae53f2cc015e607fb2fce3e9f125,682dae53f2cc015e607fb2fce3e9f125,True
CRR710969.fq.gz,7fdd7aea46828f0b04d18c60efe12aa4,7fdd7aea46828f0b04d18c60efe12aa4,True
CRR710970.fq.gz,fc301efcf16d466b3503f58a8f7e1ea9,fc301efcf16d466b3503f58a8f7e1ea9,True
CRR710971.fq.gz,2720770de58ceeda3bb1841d11f8173a,2720770de58ceeda3bb1841d11f8173a,True
CRR710972.fq.gz,ea9e459ff07afea47654c89fd4407cf2,ea9e459ff07afea47654c89fd4407cf2,True
CRR710973.fq.gz,a5ddc88a41350e9bc55861d67678bd41,a5ddc88a41350e9bc55861d67678bd41,True
CRR710974.fq.gz,edda2973a5297991c05409d945c5f649,edda2973a5297991c05409d945c5f649,True
CRR710975.fq.gz,26f9891aecc0362962183f997f8b2068,26f9891aecc0362962183f997f8b2068,True
CRR710976.fq.gz,e6b6c4c5b99a8f35f7d3566a8b89ea96,e6b6c4c5b99a8f35f7d3566a8b89ea96,True
CRR710977.fq.gz,29f5a6340a1550abbb3e50a71e513968,29f5a6340a1550abbb3e50a71e513968,True
CRR710978.fq.gz,0fda89b309033275322ebc91715adb2f,0fda89b309033275322ebc91715adb2f,True
CRR710979.fq.gz,f54e6dd5a8632fb5b9bc2c46d1f1dc17,f54e6dd5a8632fb5b9bc2c46d1f1dc17,True
CRR710980.fq.gz,3abcdd4fd59eaa28d065a0bf9f205d32,3abcdd4fd59eaa28d065a0bf9f205d32,True
CRR710981.fq.gz,572bbb568738e30623ac4a0b3ab9c8fd,572bbb568738e30623ac4a0b3ab9c8fd,True
CRR710982.fq.gz,928973e900d27aa60bb7b71e30097533,928973e900d27aa60bb7b71e30097533,True
CRR710983.fq.gz,db7e395a869afe900aed6dcb9480fe94,db7e395a869afe900aed6dcb9480fe94,True
CRR710984.fq.gz,c4ffb5ce35bba8ffab4803c329abbaa1,c4ffb5ce35bba8ffab4803c329abbaa1,True
CRR710985.fq.gz,7fbff026f4b7dff442706f3a9b0fff63,7fbff026f4b7dff442706f3a9b0fff63,True
CRR710986.fq.gz,cb574fe0848a44baf235fbe54c94dc9c,cb574fe0848a44baf235fbe54c94dc9c,True
CRR710987.fq.gz,809800717381466e4e3def8527279514,809800717381466e4e3def8527279514,True
CRR710988.fq.gz,14649cdba7a6d799eea8ce011302bf86,14649cdba7a6d799eea8ce011302bf86,True
CRR710989.fq.gz,a028e38a5033d79c243f1c81a2bcfd6f,a028e38a5033d79c243f1c81a2bcfd6f,True
CRR710990.fq.gz,0e158cf7441f919a8ed0943ca6227615,0e158cf7441f919a8ed0943ca6227615,True
CRR710991.fq.gz,13be48ad3abd8316cf9f76a7740f3bd8,13be48ad3abd8316cf9f76a7740f3bd8,True
CRR710992.fq.gz,3515e06bafba5e67be483b17de6bfdd9,3515e06bafba5e67be483b17de6bfdd9,True
CRR710993.fq.gz,4e3b48a4f65d133e3997eab5f52aad94,4e3b48a4f65d133e3997eab5f52aad94,True
CRR710994.fq.gz,b670b39cf26077af91452d08cfa61443,b670b39cf26077af91452d08cfa61443,True
CRR710995.fq.gz,bf9bbb0769bb47c9c161e7199d38a664,bf9bbb0769bb47c9c161e7199d38a664,True
CRR710996.fq.gz,aacf5643df8f70a485522e87a2a7efca,aacf5643df8f70a485522e87a2a7efca,True
CRR710997.fq.gz,c50d568afcc8c984524ce195ab51d834,c50d568afcc8c984524ce195ab51d834,True
CRR710998.fq.gz,7c412852038c9cec277396a590455f84,7c412852038c9cec277396a590455f84,True
CRR710999.fq.gz,489b8fe2bf707748a0aeb463be5b5f3a,489b8fe2bf707748a0aeb463be5b5f3a,True
CRR711000_f1.fq.gz,dd02cabc279822f6533a8bcedafa6318,dd02cabc279822f6533a8bcedafa6318,True
CRR711000_r2.fq.gz,96869f954b2c934b44149bbfe9d8d585,96869f954b2c934b44149bbfe9d8d585,True
CRR711001_f1.fq.gz,b979711537101eeff46cfc6e34339c28,b979711537101eeff46cfc6e34339c28,True
CRR711001_r2.fq.gz,401e3904b7872ce04fbc3c90ad7ea9b0,401e3904b7872ce04fbc3c90ad7ea9b0,True
CRR711002_f1.fq.gz,04cecfa343e880d21f6069bb767d997c,04cecfa343e880d21f6069bb767d997c,True
CRR711002_r2.fq.gz,a041cf775d4cce2db65f5e9b27fe8924,a041cf775d4cce2db65f5e9b27fe8924,True
CRR711003_f1.fq.gz,885d9cba3323bf0886b97c7b0fe392bb,885d9cba3323bf0886b97c7b0fe392bb,True
CRR711003_r2.fq.gz,967488a01581d25583fd2134f8340020,967488a01581d25583fd2134f8340020,True
CRR711004_f1.fq.gz,7256836bfca981963a2e75ccfd7ee409,7256836bfca981963a2e75ccfd7ee409,True
CRR711004_r2.fq.gz,2a84e75a0828c739743cd99131f03acd,2a84e75a0828c739743cd99131f03acd,True
CRR711005_f1.fq.gz,323689b00a891251b2f5be3071aa91f3,323689b00a891251b2f5be3071aa91f3,True
CRR711005_r2.fq.gz,e521d40fea09aefb0a48554339b2b767,e521d40fea09aefb0a48554339b2b767,True
CRR711006_f1.fq.gz,5a2423a6d82e4df80c009899bbc2eb21,5a2423a6d82e4df80c009899bbc2eb21,True
CRR711006_r2.fq.gz,1ae9bc93cf87b8e958dcde73baf9ba96,1ae9bc93cf87b8e958dcde73baf9ba96,True
CRR711007_f1.fq.gz,2994f494639ae5ee37848fcd0c9d0316,2994f494639ae5ee37848fcd0c9d0316,True
CRR711007_r2.fq.gz,113fe17cb8d4e489a9873d4b278717fc,113fe17cb8d4e489a9873d4b278717fc,True
CRR711008_f1.fq.gz,5e4108ea9649c265b41856a39203d339,5e4108ea9649c265b41856a39203d339,True
CRR711008_r2.fq.gz,6a13b675b40308e8512f849541d57f62,6a13b675b40308e8512f849541d57f62,True
CRR711009_f1.fq.gz,e36eb8b89eccb733435f0d3e616c73ec,e36eb8b89eccb733435f0d3e616c73ec,True
CRR711009_r2.fq.gz,3a08c6986597f9b0c6fe6ffd38b05534,3a08c6986597f9b0c6fe6ffd38b05534,True
CRR711010_f1.fq.gz,9808d1d7d706bc62d928235b180efcc4,9808d1d7d706bc62d928235b180efcc4,True
CRR711010_r2.fq.gz,7ffb68e3fd4b4d8f48dbe1c29ea70c80,7ffb68e3fd4b4d8f48dbe1c29ea70c80,True
CRR711011_f1.fq.gz,18153a2168be28daabee1fa06986a9c9,18153a2168be28daabee1fa06986a9c9,True
CRR711011_r2.fq.gz,c7daad68ad0af73acfcaaece22a60bd2,c7daad68ad0af73acfcaaece22a60bd2,True
CRR711012_f1.fq.gz,b22dbf03a8f65356fb41a5435a0055bd,b22dbf03a8f65356fb41a5435a0055bd,True
CRR711012_r2.fq.gz,b07a047a2da661219b452db01e0c1f96,b07a047a2da661219b452db01e0c1f96,True
CRR711013_f1.fq.gz,2d186c9bc545ac28e0fa6325d4ee797b,2d186c9bc545ac28e0fa6325d4ee797b,True
CRR711013_r2.fq.gz,6bd4a879d844fe1c0b778cabc4ee4def,6bd4a879d844fe1c0b778cabc4ee4def,True
CRR711014_f1.fq.gz,cc2b516c6d9907c0298c823b78546550,cc2b516c6d9907c0298c823b78546550,True
CRR711014_r2.fq.gz,ac7c1a03ba8f0c685fc66a8afb824844,ac7c1a03ba8f0c685fc66a8afb824844,True
CRR711015_f1.fq.gz,f6df8c85582480671c9c1fb910db327f,f6df8c85582480671c9c1fb910db327f,True
CRR711015_r2.fq.gz,4aa5cd1aee5670e143897a3322aead39,4aa5cd1aee5670e143897a3322aead39,True
CRR711016_f1.fq.gz,f8d678b9ee0ae45ed9245406a00288f1,f8d678b9ee0ae45ed9245406a00288f1,True
CRR711016_r2.fq.gz,7c70f5246f708022a28b3f187e47ef70,7c70f5246f708022a28b3f187e47ef70,True
CRR711017_f1.fq.gz,ed67c84c889da14d54057b2835d3691d,ed67c84c889da14d54057b2835d3691d,True
CRR711017_r2.fq.gz,baec1960617ba84901c3ae4e45639dff,baec1960617ba84901c3ae4e45639dff,True
CRR711018_f1.fq.gz,6a110e7cd190fb011404285b444f37c8,6a110e7cd190fb011404285b444f37c8,True
CRR711018_r2.fq.gz,4a39c1634180f77684b22d0023a654c6,4a39c1634180f77684b22d0023a654c6,True
CRR711019_f1.fq.gz,548e02a7acd5662f485afc4c3b394037,548e02a7acd5662f485afc4c3b394037,True
CRR711019_r2.fq.gz,a5f816113d85a235a85b8a3a6f63c966,a5f816113d85a235a85b8a3a6f63c966,True
CRR711020_f1.fq.gz,c50bdbd014ee938f8dcaf342dd634ad3,c50bdbd014ee938f8dcaf342dd634ad3,True
CRR711020_r2.fq.gz,e72197d14592c593cbe25f9d4ad9ea1f,e72197d14592c593cbe25f9d4ad9ea1f,True
CRR711021_f1.fq.gz,84afd0671344cbe116df3b5e679720ce,84afd0671344cbe116df3b5e679720ce,True
CRR711021_r2.fq.gz,67293addceeec21bbac4f1e6c55c61f0,67293addceeec21bbac4f1e6c55c61f0,True
CRR711022_f1.fq.gz,3713ce733624ba4fbfa2cf2dfb81b933,3713ce733624ba4fbfa2cf2dfb81b933,True
CRR711022_r2.fq.gz,9c603817a1ef097528d148129b2c13a8,9c603817a1ef097528d148129b2c13a8,True
CRR711023_f1.fq.gz,2331a397d0c2b150d358bf375d937234,2331a397d0c2b150d358bf375d937234,True
CRR711023_r2.fq.gz,bb52d7fa2e662b7aafaef713e609234c,bb52d7fa2e662b7aafaef713e609234c,True
CRR711024_f1.fq.gz,8727e4d9f43b318150f49f485939f3d6,8727e4d9f43b318150f49f485939f3d6,True
CRR711024_r2.fq.gz,fe05c7b6b5b0ca1060873c187a863bd1,fe05c7b6b5b0ca1060873c187a863bd1,True
CRR711025_f1.fq.gz,51427e901ded44d116dd49e34c10c91e,51427e901ded44d116dd49e34c10c91e,True
CRR711025_r2.fq.gz,a831a327cf31068dcfa4786537e7aed7,a831a327cf31068dcfa4786537e7aed7,True
CRR711026_f1.fq.gz,a0ba7cfe36cceae0d93897582d456f0e,a0ba7cfe36cceae0d93897582d456f0e,True
CRR711026_r2.fq.gz,950903358e576e00322bccceebeec694,950903358e576e00322bccceebeec694,True
CRR711027_f1.fq.gz,395fc9e469aac5753df843b414b13a2c,395fc9e469aac5753df843b414b13a2c,True
CRR711027_r2.fq.gz,7d7161f0b746b7b9468ce42a10eb04b8,7d7161f0b746b7b9468ce42a10eb04b8,True
CRR712209.fq.gz,fa57b7c39295c7c90baecccea7f6bd70,fa57b7c39295c7c90baecccea7f6bd70,True
CRR712210.fq.gz,ddf8c8019c484e02e6b30658be65cccb,ddf8c8019c484e02e6b30658be65cccb,True
CRR711029_f1.fq.gz,f500a8cc23c765fac210683c288241b0,f500a8cc23c765fac210683c288241b0,True
CRR711029_r2.fq.gz,2b889f4f7a4dd4810d294b3b3932d50b,2b889f4f7a4dd4810d294b3b3932d50b,True
CRR711030_f1.fq.gz,b4cf8f7e3d6e44007f03759c7323f99b,b4cf8f7e3d6e44007f03759c7323f99b,True
CRR711030_r2.fq.gz,82f66606abbc44cf16a5a6b7ee2ac1e4,82f66606abbc44cf16a5a6b7ee2ac1e4,True
CRR711031_f1.fq.gz,0e15f26de7dbb8fa3086f82f23a5e8cf,0e15f26de7dbb8fa3086f82f23a5e8cf,True
CRR711031_r2.fq.gz,844e1b45c63472b9a771d4eebb4e0d80,844e1b45c63472b9a771d4eebb4e0d80,True
CRR711032_f1.fq.gz,75c3120bcdb73cabdf9646301f6e09d7,75c3120bcdb73cabdf9646301f6e09d7,True
CRR711032_r2.fq.gz,d651b6b4461da6ec3858016df291e811,d651b6b4461da6ec3858016df291e811,True
CRR711033_f1.fq.gz,8f617f9848e3cabe53990bd8200461ea,8f617f9848e3cabe53990bd8200461ea,True
CRR711033_r2.fq.gz,de5fafb5ee5224c74a78efbf1aeea145,de5fafb5ee5224c74a78efbf1aeea145,True
CRR711034_f1.fq.gz,7b9db55a2a386af6dd40e42454c91b45,7b9db55a2a386af6dd40e42454c91b45,True
CRR711034_r2.fq.gz,eed6a522017049231d3e051a2945e90f,eed6a522017049231d3e051a2945e90f,True
CRR711035_f1.fq.gz,31a5b0773fb4ec5bcce9803e9ed782cf,31a5b0773fb4ec5bcce9803e9ed782cf,True
CRR711035_r2.fq.gz,34a7ff9ed7c26e785d6feac4be2e500c,34a7ff9ed7c26e785d6feac4be2e500c,True
CRR711036_f1.fq.gz,393a79e94ea44275c664c1a25c855410,393a79e94ea44275c664c1a25c855410,True
CRR711036_r2.fq.gz,1b4e73e6176940e4e29b067f07644db9,1b4e73e6176940e4e29b067f07644db9,True
CRR711037_f1.fq.gz,1178fd4dc66d54a01515c4bd2e555bff,1178fd4dc66d54a01515c4bd2e555bff,True
CRR711037_r2.fq.gz,9273848ffbaa097228e7820f9ae1462b,9273848ffbaa097228e7820f9ae1462b,True
CRR711038_f1.fq.gz,97c4133f7ad45d96a8a7994f2f9885bd,97c4133f7ad45d96a8a7994f2f9885bd,True
CRR711038_r2.fq.gz,04c1f0e64da7bfb5a25bb35870aa5995,04c1f0e64da7bfb5a25bb35870aa5995,True
CRR711039_f1.fq.gz,69bbaebb5f53bab933e88227cddd34d9,69bbaebb5f53bab933e88227cddd34d9,True
CRR711039_r2.fq.gz,1a51206813f9cc5d54b243ea5bcf83fb,1a51206813f9cc5d54b243ea5bcf83fb,True
CRR711040_f1.fq.gz,232e427323ca07b21034ec64a154c693,232e427323ca07b21034ec64a154c693,True
CRR711040_r2.fq.gz,4b62e2fac048e927e7315d7dece21b7b,4b62e2fac048e927e7315d7dece21b7b,True
CRR711041_f1.fq.gz,6ee636e6d4967cf7478397720c6eea40,6ee636e6d4967cf7478397720c6eea40,True
CRR711041_r2.fq.gz,1fbcfa78ab13d058b7351cc47d814c08,1fbcfa78ab13d058b7351cc47d814c08,True
CRR711042_f1.fq.gz,9bf74851e834502c5e79c8b40d06a246,9bf74851e834502c5e79c8b40d06a246,True
CRR711042_r2.fq.gz,c8638abc9b727f2b7f5e6c4c0ab3d83f,c8638abc9b727f2b7f5e6c4c0ab3d83f,True
CRR711043_f1.fq.gz,63d2d6952513ad55504328eccd2c9f32,63d2d6952513ad55504328eccd2c9f32,True
CRR711043_r2.fq.gz,d503bfa56bb6c51960fac80b0c722569,d503bfa56bb6c51960fac80b0c722569,True
CRR711044_f1.fq.gz,c33bf2cb7670d8d83094ac124c5f70d3,c33bf2cb7670d8d83094ac124c5f70d3,True
CRR711044_r2.fq.gz,3e65159aad804d3a4adddf38f98a77e8,3e65159aad804d3a4adddf38f98a77e8,True
CRR711045_f1.fq.gz,c41736e2d47c51005b71abdfad41922c,c41736e2d47c51005b71abdfad41922c,True
CRR711045_r2.fq.gz,a97e527322ba4ae0a2b3cb7aa979d04c,a97e527322ba4ae0a2b3cb7aa979d04c,True
CRR711046_f1.fq.gz,2510785ba475df33165b0a258d0f51a2,2510785ba475df33165b0a258d0f51a2,True
CRR711046_r2.fq.gz,3c3f4b3fc1b37c4284813c9e0c85986b,3c3f4b3fc1b37c4284813c9e0c85986b,True
CRR711047_f1.fq.gz,81eda45881fe6c750fa4ea080c0069bd,81eda45881fe6c750fa4ea080c0069bd,True
CRR711047_r2.fq.gz,ace51ab54fd1c429f23291c6144c8e75,ace51ab54fd1c429f23291c6144c8e75,True
CRR711048_f1.fq.gz,0a95cd48f36daa0c83ce1f83a36070c5,0a95cd48f36daa0c83ce1f83a36070c5,True
CRR711048_r2.fq.gz,a47e69707f4f3c9e62a881be29dd1478,a47e69707f4f3c9e62a881be29dd1478,True
CRR711049_f1.fq.gz,0aa1240e0f8a5dc1b91396032559c75e,0aa1240e0f8a5dc1b91396032559c75e,True
CRR711049_r2.fq.gz,79120b7a48c3b724973c70c8e7b2c968,79120b7a48c3b724973c70c8e7b2c968,True
CRR711050_f1.fq.gz,9d08d9b25611529c81226e0077eefa1b,9d08d9b25611529c81226e0077eefa1b,True
CRR711050_r2.fq.gz,58c1dfc8b412a63de8a83016c3c7cbed,58c1dfc8b412a63de8a83016c3c7cbed,True
CRR711051_f1.fq.gz,378cc52e47231435d27e395f6cc315c8,378cc52e47231435d27e395f6cc315c8,True
CRR711051_r2.fq.gz,c7d23d42e69b4bb4df1b85192303ad0d,c7d23d42e69b4bb4df1b85192303ad0d,True
CRR711052_f1.fq.gz,4557310193cfa997c3e02767c30d074b,4557310193cfa997c3e02767c30d074b,True
CRR711052_r2.fq.gz,462873f4c208bd644c13e265ca8a8e3b,462873f4c208bd644c13e265ca8a8e3b,True
CRR711053_f1.fq.gz,4694ac46642d0c5b6de6190134fae298,4694ac46642d0c5b6de6190134fae298,True
CRR711053_r2.fq.gz,1d8222de20e409f14f099519442f6859,1d8222de20e409f14f099519442f6859,True
CRR711054_f1.fq.gz,915e72624423782bcbec575604b75bbe,915e72624423782bcbec575604b75bbe,True
CRR711054_r2.fq.gz,0225314d5fd9d47a55f583749aa7db2f,0225314d5fd9d47a55f583749aa7db2f,True
CRR711055_f1.fq.gz,4cb0ffc4642424e9f114c2f83934ec92,4cb0ffc4642424e9f114c2f83934ec92,True
CRR711055_r2.fq.gz,1d1519a74f7d55d27d35a2f7a6d37e2b,1d1519a74f7d55d27d35a2f7a6d37e2b,True
CRR711056_f1.fq.gz,e4fa0f70536e94e09a42fa5f827c4d13,e4fa0f70536e94e09a42fa5f827c4d13,True
CRR711056_r2.fq.gz,5bd1d595c451765d0448bcf036c015fb,5bd1d595c451765d0448bcf036c015fb,True
CRR711057_f1.fq.gz,0b702a820c6c31d99561ccafdc3c695e,0b702a820c6c31d99561ccafdc3c695e,True
CRR711057_r2.fq.gz,0f769d335c7c00b92a9b0b615aa79285,0f769d335c7c00b92a9b0b615aa79285,True
CRR711058_f1.fq.gz,7f3703441ec25ff9187aaac2bb854454,7f3703441ec25ff9187aaac2bb854454,True
CRR711058_r2.fq.gz,97b4422997fc0a832b6b39af1b64f88f,97b4422997fc0a832b6b39af1b64f88f,True
CRR711059_f1.fq.gz,7d0cf03a66b24a3444dd5926db6a6e13,7d0cf03a66b24a3444dd5926db6a6e13,True
CRR711059_r2.fq.gz,ed5513fea5b573330102188d53064a73,ed5513fea5b573330102188d53064a73,True
CRR711060_f1.fq.gz,793bb1ca3df8f91668d08a4fc1c3e8c9,793bb1ca3df8f91668d08a4fc1c3e8c9,True
CRR711060_r2.fq.gz,7cc9e3ffc6a1857c89b5478bd7986a31,7cc9e3ffc6a1857c89b5478bd7986a31,True
CRR711061_f1.fq.gz,5495267659677dc4c9bebfa1c4d03f79,5495267659677dc4c9bebfa1c4d03f79,True
CRR711061_r2.fq.gz,18fc3d36a1fa3215d59a13a2a1945688,18fc3d36a1fa3215d59a13a2a1945688,True
CRR711062_f1.fq.gz,f6f36946723deba81cb36be5b9297e2a,f6f36946723deba81cb36be5b9297e2a,True
CRR711062_r2.fq.gz,a9cd0820b6087c7262d8babed5376c43,a9cd0820b6087c7262d8babed5376c43,True
CRR711063_f1.fq.gz,cf34f26989df8ce80d4f18247c335b47,cf34f26989df8ce80d4f18247c335b47,True
CRR711063_r2.fq.gz,1ef55e9f7d47367d576cc64733d7c45f,1ef55e9f7d47367d576cc64733d7c45f,True
CRR711064_f1.fq.gz,09a3b39cd7475501b127d8d3d243853d,09a3b39cd7475501b127d8d3d243853d,True
CRR711064_r2.fq.gz,60e6fa27c0491c572b19eca1993ec983,60e6fa27c0491c572b19eca1993ec983,True
CRR711065_f1.fq.gz,61a1848e5ad5f2bae56703b9d6e768b4,61a1848e5ad5f2bae56703b9d6e768b4,True
CRR711065_r2.fq.gz,ee1673099c0d158f9bf3c543a374f0c4,ee1673099c0d158f9bf3c543a374f0c4,True
CRR711066_f1.fq.gz,156039be55c790eb4cb0d1678d45e354,156039be55c790eb4cb0d1678d45e354,True
CRR711066_r2.fq.gz,a5f9cfb4ce6af62f608ae2ecc3fae683,a5f9cfb4ce6af62f608ae2ecc3fae683,True
CRR711067_f1.fq.gz,b763f90713cee8f681ca37dbccba9139,b763f90713cee8f681ca37dbccba9139,True
CRR711067_r2.fq.gz,b2680003f8bf74ed0a41fa320d070bc1,b2680003f8bf74ed0a41fa320d070bc1,True
CRR711068_f1.fq.gz,71042c35e97b0afe8045bf22bdf6d61f,71042c35e97b0afe8045bf22bdf6d61f,True
CRR711068_r2.fq.gz,73a4c0536dcd117901f4540a46d0a92d,73a4c0536dcd117901f4540a46d0a92d,True
CRR711069_f1.fq.gz,d70ef4e67cd1731099e0bf591f5bf478,d70ef4e67cd1731099e0bf591f5bf478,True
CRR711069_r2.fq.gz,4174d90fc21e679c296e827cd923e90f,4174d90fc21e679c296e827cd923e90f,True
CRR711070_f1.fq.gz,eccde3443f9a7f3d4ca0ef6624482d59,eccde3443f9a7f3d4ca0ef6624482d59,True
CRR711070_r2.fq.gz,94eb0ffe5a630fb48dbed7fbd8a739ea,94eb0ffe5a630fb48dbed7fbd8a739ea,True
CRR711071_f1.fq.gz,61362baa420e9c2761984dde4610e533,61362baa420e9c2761984dde4610e533,True
CRR711071_r2.fq.gz,6489117e2cf7acff544f8210885ba577,6489117e2cf7acff544f8210885ba577,True
CRR711072_f1.fq.gz,ade1fb54f948f34075b269477c534a22,ade1fb54f948f34075b269477c534a22,True
CRR711072_r2.fq.gz,151918d98728386b2b4283fdbde6e8d8,151918d98728386b2b4283fdbde6e8d8,True
CRR711073_f1.fq.gz,3fdb298f0d7f41afe830374542d3430d,3fdb298f0d7f41afe830374542d3430d,True
CRR711073_r2.fq.gz,106a63a89d402cc01630dfe6929d16eb,106a63a89d402cc01630dfe6929d16eb,True
CRR711074_f1.fq.gz,c1d0781ff993f4ecf8c4619b0b648c22,c1d0781ff993f4ecf8c4619b0b648c22,True
CRR711074_r2.fq.gz,df1b93506b7be9cb7dcd0ba68b53cad8,df1b93506b7be9cb7dcd0ba68b53cad8,True
CRR711075_f1.fq.gz,b2747ecd9019a32b3cf33135ff3d8c69,b2747ecd9019a32b3cf33135ff3d8c69,True
CRR711075_r2.fq.gz,181469ab3a81c292368af866b9165b8c,181469ab3a81c292368af866b9165b8c,True
CRR711076_f1.fq.gz,b42c37bd808fea3f7365439a8dddcc8b,b42c37bd808fea3f7365439a8dddcc8b,True
CRR711076_r2.fq.gz,e3dfc2026ef48a552c78296f1e5e4f0d,e3dfc2026ef48a552c78296f1e5e4f0d,True
CRR711077_f1.fq.gz,79efbff9f0c6dbf19542fc135c35a635,79efbff9f0c6dbf19542fc135c35a635,True
CRR711077_r2.fq.gz,043d5f27f092426282523ef97ce84618,043d5f27f092426282523ef97ce84618,True
CRR711078_f1.fq.gz,b15e18758990adb3a7c9614bc8c71d93,b15e18758990adb3a7c9614bc8c71d93,True
CRR711078_r2.fq.gz,cd9405bbd23e35bbe29be959a214f59f,cd9405bbd23e35bbe29be959a214f59f,True
CRR711079_f1.fq.gz,19a82d8bfeba0fa67da6b0d7ba0f0386,19a82d8bfeba0fa67da6b0d7ba0f0386,True
CRR711079_r2.fq.gz,e576326899bbccb36e9cc8c79f55fe53,e576326899bbccb36e9cc8c79f55fe53,True
CRR711080_f1.fq.gz,8bc3e715f0188cbaea4033f12d5936cf,8bc3e715f0188cbaea4033f12d5936cf,True
CRR711080_r2.fq.gz,2335a57138477efafc07cfc25a3b6795,2335a57138477efafc07cfc25a3b6795,True
CRR711081_f1.fq.gz,e5d0499d1926f845cb80264ceea9adde,e5d0499d1926f845cb80264ceea9adde,True
CRR711081_r2.fq.gz,5baedb920270e1af9ee5dd79fb264ed1,5baedb920270e1af9ee5dd79fb264ed1,True
CRR711082_f1.fq.gz,c1779274265c1596595312a50be8143c,c1779274265c1596595312a50be8143c,True
CRR711082_r2.fq.gz,b38953409adbec3a238b277b96f33474,b38953409adbec3a238b277b96f33474,True
CRR711083_f1.fq.gz,fd2d022fb5df7ab67acffbb41b561eab,fd2d022fb5df7ab67acffbb41b561eab,True
CRR711083_r2.fq.gz,6e993952bcb9c6253983f94098a99d43,6e993952bcb9c6253983f94098a99d43,True
CRR711084_f1.fq.gz,51b7fcee925b847a25a50f96e39247a1,51b7fcee925b847a25a50f96e39247a1,True
CRR711084_r2.fq.gz,6132f7191f3e21ce2d7f610295bb20b3,6132f7191f3e21ce2d7f610295bb20b3,True
CRR711085_f1.fq.gz,dd94a95714478d9c145dfc3d2f8017f4,dd94a95714478d9c145dfc3d2f8017f4,True
CRR711085_r2.fq.gz,7681f1b1846fe79077c2f38d0413c2e7,7681f1b1846fe79077c2f38d0413c2e7,True
CRR711086_f1.fq.gz,4489ad63db14caba7461c57bf796e323,4489ad63db14caba7461c57bf796e323,True
CRR711086_r2.fq.gz,a4440e00f9d8fa13317399b64f63c83a,a4440e00f9d8fa13317399b64f63c83a,True
CRR711087_f1.fq.gz,426637b5a4c9a1bc4058232dcc848af6,426637b5a4c9a1bc4058232dcc848af6,True
CRR711087_r2.fq.gz,4e48da644c6fab7eb4ffe1e16191fef2,4e48da644c6fab7eb4ffe1e16191fef2,True
CRR711088_f1.fq.gz,cb0bd469be097ca9da0b3f7ebb8c0922,cb0bd469be097ca9da0b3f7ebb8c0922,True
CRR711088_r2.fq.gz,ce70f1ec062877a29105e9c46f729c51,ce70f1ec062877a29105e9c46f729c51,True
CRR711089_f1.fq.gz,f1cddf15fafb8d443ae6e87236895da7,f1cddf15fafb8d443ae6e87236895da7,True
CRR711089_r2.fq.gz,e663757898c4d0053de862f929f4c147,e663757898c4d0053de862f929f4c147,True
CRR711090_f1.fq.gz,f8ad19af9ca86a78a444a704214fa0d5,f8ad19af9ca86a78a444a704214fa0d5,True
CRR711090_r2.fq.gz,1720f5afe7a7c5294b40f88fad2b8175,1720f5afe7a7c5294b40f88fad2b8175,True
CRR711091_f1.fq.gz,2c8a42ac481f2ab54da1c03443370c81,2c8a42ac481f2ab54da1c03443370c81,True
CRR711091_r2.fq.gz,ea0f405ddffc23d6dd90a86e19c5ea69,ea0f405ddffc23d6dd90a86e19c5ea69,True
CRR711092_f1.fq.gz,c1ad8fa0894e10b1a851c25e5f2087b4,c1ad8fa0894e10b1a851c25e5f2087b4,True
CRR711092_r2.fq.gz,bef82977f91690410fb3991a2eb4c7b0,bef82977f91690410fb3991a2eb4c7b0,True
CRR711093_f1.fq.gz,667caeb84c79069bdbc76634b81ea56f,667caeb84c79069bdbc76634b81ea56f,True
CRR711093_r2.fq.gz,00f12c8c8e918cb1802aa155c6a224fe,00f12c8c8e918cb1802aa155c6a224fe,True
CRR711094_f1.fq.gz,51b8fc9e5b9c82767510eee3dc183521,51b8fc9e5b9c82767510eee3dc183521,True
CRR711094_r2.fq.gz,007b69352f5ba98c8180906541cb89c8,007b69352f5ba98c8180906541cb89c8,True
CRR711095_f1.fq.gz,8f1ecfaaebb5456dd85d8f669e7d224e,8f1ecfaaebb5456dd85d8f669e7d224e,True
CRR711095_r2.fq.gz,56e9bcea156cbc287d50fef175bf615c,56e9bcea156cbc287d50fef175bf615c,True
CRR711096_f1.fq.gz,797028bee8da28aaf8fc04fa24ed7c86,797028bee8da28aaf8fc04fa24ed7c86,True
CRR711096_r2.fq.gz,9bc522d998a5e39c9e8b723ebdb49d33,9bc522d998a5e39c9e8b723ebdb49d33,True
CRR711097_f1.fq.gz,95da32fcf64183f285d06969d3c87501,95da32fcf64183f285d06969d3c87501,True
CRR711097_r2.fq.gz,0f87311b37eaf93eeba3f55b2bef3d02,0f87311b37eaf93eeba3f55b2bef3d02,True
CRR711098_f1.fq.gz,c07c0f18403bdb4bba5a64a5975bf532,c07c0f18403bdb4bba5a64a5975bf532,True
CRR711098_r2.fq.gz,2ede1092c081a137836a22e7c5643c06,2ede1092c081a137836a22e7c5643c06,True
CRR711099_f1.fq.gz,463cb476bc4eebb914dab6c11f568d17,463cb476bc4eebb914dab6c11f568d17,True
CRR711099_r2.fq.gz,b4caaa7398df1645ba0babc6786ee02a,b4caaa7398df1645ba0babc6786ee02a,True
CRR711100_f1.fq.gz,c6067c0ec6d656b9466f77f70a321d9a,c6067c0ec6d656b9466f77f70a321d9a,True
CRR711100_r2.fq.gz,4b1c60a4a0e373ee0283b1df82ded78b,4b1c60a4a0e373ee0283b1df82ded78b,True
CRR711101_f1.fq.gz,b54f481a31471115e28a6228f5bf9585,b54f481a31471115e28a6228f5bf9585,True
CRR711101_r2.fq.gz,8696c5a7fa8ecc4eb2bc7c40c6baf109,8696c5a7fa8ecc4eb2bc7c40c6baf109,True
CRR711102_f1.fq.gz,bd34d2213833e71aed4b7ac3e215367f,bd34d2213833e71aed4b7ac3e215367f,True
CRR711102_r2.fq.gz,b2ba4c6dc371ed17f38a88fbf2be548c,b2ba4c6dc371ed17f38a88fbf2be548c,True
CRR711103_f1.fq.gz,8c7299e10f6e657eee5563aa9c7910be,8c7299e10f6e657eee5563aa9c7910be,True
CRR711103_r2.fq.gz,070bf8baf76d6b5d8a65f393e63dfa00,070bf8baf76d6b5d8a65f393e63dfa00,True
CRR711104_f1.fq.gz,2f37482505e2b2429b792f0bc1a879a9,2f37482505e2b2429b792f0bc1a879a9,True
CRR711104_r2.fq.gz,f134943387da0248cabcd7b3e41a51c1,f134943387da0248cabcd7b3e41a51c1,True
CRR711105_f1.fq.gz,96e0d03ab43635ce254beab6ff7b1f35,96e0d03ab43635ce254beab6ff7b1f35,True
CRR711105_r2.fq.gz,a4cfe1285a1c03ae52cde640793c891d,a4cfe1285a1c03ae52cde640793c891d,True
CRR711106_f1.fq.gz,6fd82eee3b424fb7397cfad4f81669ae,6fd82eee3b424fb7397cfad4f81669ae,True
CRR711106_r2.fq.gz,6218d2cea390227e342436cb0d1507cb,6218d2cea390227e342436cb0d1507cb,True
CRR711107_f1.fq.gz,74fe91b0fcaad738917f3d2d34291754,74fe91b0fcaad738917f3d2d34291754,True
CRR711107_r2.fq.gz,68548049f0aa858f296ee35e0c9c4f7f,68548049f0aa858f296ee35e0c9c4f7f,True
CRR711108_f1.fq.gz,b3845cdfe44e5636318f830a5425d1e2,b3845cdfe44e5636318f830a5425d1e2,True
CRR711108_r2.fq.gz,a41394bce13c449c7dc062fca05e58ce,a41394bce13c449c7dc062fca05e58ce,True
CRR711109_f1.fq.gz,35cea93161f6e9bd16b2b35d663a916f,35cea93161f6e9bd16b2b35d663a916f,True
CRR711109_r2.fq.gz,92329d095daf4be14f354ef2dd5aeb35,92329d095daf4be14f354ef2dd5aeb35,True
CRR711110_f1.fq.gz,5a98cb7cba77f5ab1c632b5841e2c29f,5a98cb7cba77f5ab1c632b5841e2c29f,True
CRR711110_r2.fq.gz,fd2f73d75b0f01354a693986064c8913,fd2f73d75b0f01354a693986064c8913,True
CRR711111_f1.fq.gz,e3617dbbaf4a3540405e0cb374498aa0,e3617dbbaf4a3540405e0cb374498aa0,True
CRR711111_r2.fq.gz,6acced4ac3b77d417dcea2c6849ece6f,6acced4ac3b77d417dcea2c6849ece6f,True
CRR711112_f1.fq.gz,d48b2afa26f0f7ecb28b8bb67019b535,d48b2afa26f0f7ecb28b8bb67019b535,True
CRR711112_r2.fq.gz,18c8783bad2cb84f34663d17828d9626,18c8783bad2cb84f34663d17828d9626,True
CRR711113_f1.fq.gz,91ad6ea7f8cedf1922bbe478aee35218,91ad6ea7f8cedf1922bbe478aee35218,True
CRR711113_r2.fq.gz,8f12c661352bd073a4fe783496eca269,8f12c661352bd073a4fe783496eca269,True
CRR711114_f1.fq.gz,159b08b699e06e36822a11d3bbc973c0,159b08b699e06e36822a11d3bbc973c0,True
CRR711114_r2.fq.gz,31dc6f172170ef9fd13fde98e4257454,31dc6f172170ef9fd13fde98e4257454,True
CRR711115_f1.fq.gz,3142a4d3ce44ac80ce47a0ee0927c58c,3142a4d3ce44ac80ce47a0ee0927c58c,True
CRR711115_r2.fq.gz,269d6b5c387415fd6c6c917240b60191,269d6b5c387415fd6c6c917240b60191,True
CRR711116_f1.fq.gz,f6bd0fc84d2db69d5ef62a71214ac08e,f6bd0fc84d2db69d5ef62a71214ac08e,True
CRR711116_r2.fq.gz,afbd61bc4a2d1b79e76776b6580e12f5,afbd61bc4a2d1b79e76776b6580e12f5,True
CRR711117_f1.fq.gz,49120c8b0636a08b75af6c5d89ab3834,49120c8b0636a08b75af6c5d89ab3834,True
CRR711117_r2.fq.gz,d1d67c758367fb07490db89fbfeec96a,d1d67c758367fb07490db89fbfeec96a,True
CRR711118_f1.fq.gz,10ad5f1835583e7eef39fdcb70c36f94,10ad5f1835583e7eef39fdcb70c36f94,True
CRR711118_r2.fq.gz,2449dc9662de436c8c4eb874fd9c7001,2449dc9662de436c8c4eb874fd9c7001,True
CRR711119_f1.fq.gz,103c5f6e2cddf4f108d593bbed70b402,103c5f6e2cddf4f108d593bbed70b402,True
CRR711119_r2.fq.gz,5b6953723f31183bb066a569555dd98a,5b6953723f31183bb066a569555dd98a,True
CRR711120_f1.fq.gz,4e9723b0749294f0128b2390b1e6492a,4e9723b0749294f0128b2390b1e6492a,True
CRR711120_r2.fq.gz,9668be357cbb7a69409a679158af6b3e,9668be357cbb7a69409a679158af6b3e,True
CRR711121_f1.fq.gz,a944ed2f013c988873903032fb2372b5,a944ed2f013c988873903032fb2372b5,True
CRR711121_r2.fq.gz,15c74def2ef5f0453b063e373280d9ce,15c74def2ef5f0453b063e373280d9ce,True
CRR711122_f1.fq.gz,35782abc54d676eb6071776a22741405,35782abc54d676eb6071776a22741405,True
CRR711122_r2.fq.gz,5420f93c38a03ef3eff136be46c56fe5,5420f93c38a03ef3eff136be46c56fe5,True
CRR711123_f1.fq.gz,7de05b54643852bf2a2884d2f55e2822,7de05b54643852bf2a2884d2f55e2822,True
CRR711123_r2.fq.gz,5322574a5907bf00376662d1497534ac,5322574a5907bf00376662d1497534ac,True
CRR711124_f1.fq.gz,d159163d528c815749dca86c56cb0701,d159163d528c815749dca86c56cb0701,True
CRR711124_r2.fq.gz,97ade4b968303a63d72f2e32f23432e0,97ade4b968303a63d72f2e32f23432e0,True
CRR711125_f1.fq.gz,6cf5871548b81b46d708be946f686937,6cf5871548b81b46d708be946f686937,True
CRR711125_r2.fq.gz,86492df6543a24744901c2fed00495a3,86492df6543a24744901c2fed00495a3,True
CRR711126_f1.fq.gz,2e53f2609e5e44a4d2893990090e4e01,2e53f2609e5e44a4d2893990090e4e01,True
CRR711126_r2.fq.gz,6276627be6e1423ebaf3c3c05dc8a81a,6276627be6e1423ebaf3c3c05dc8a81a,True
CRR711127_f1.fq.gz,a44253a4715149483d4217d3e52fd9d5,a44253a4715149483d4217d3e52fd9d5,True
CRR711127_r2.fq.gz,3c046769f6341f8cb444726a732f3e0c,3c046769f6341f8cb444726a732f3e0c,True
CRR711128_f1.fq.gz,49c5b05c3141342c4564505a95c3540b,49c5b05c3141342c4564505a95c3540b,True
CRR711128_r2.fq.gz,ff04f8c51f6b3564e3955987eb79f7fc,ff04f8c51f6b3564e3955987eb79f7fc,True
CRR711129_f1.fq.gz,aade7ce0f3bb0c7a708192250d937949,aade7ce0f3bb0c7a708192250d937949,True
CRR711129_r2.fq.gz,64b69123c375ddc03e88a1b19339f827,64b69123c375ddc03e88a1b19339f827,True
CRR711130_f1.fq.gz,6921505f57de07e4708310294f6da6a4,6921505f57de07e4708310294f6da6a4,True
CRR711130_r2.fq.gz,6035a10c05e896a627f0ba50efc5ac81,6035a10c05e896a627f0ba50efc5ac81,True
CRR711131_f1.fq.gz,885f711a6c0c6d2f16a7b5931650a42d,885f711a6c0c6d2f16a7b5931650a42d,True
CRR711131_r2.fq.gz,369a25864f15d07d90be49a999926d41,369a25864f15d07d90be49a999926d41,True
CRR711132_f1.fq.gz,27fa7111a63df9cee9ea3f09f4a96ca7,27fa7111a63df9cee9ea3f09f4a96ca7,True
CRR711132_r2.fq.gz,aa3beded424b0d17caebbc6fbde30aa0,aa3beded424b0d17caebbc6fbde30aa0,True
CRR711133_f1.fq.gz,96af6e76dab606553e99ad8cdfdf07b3,96af6e76dab606553e99ad8cdfdf07b3,True
CRR711133_r2.fq.gz,01c4c3719e942faacecefac344697770,01c4c3719e942faacecefac344697770,True
CRR711134_f1.fq.gz,5f094eda8428e78a7f026df05d8685cc,5f094eda8428e78a7f026df05d8685cc,True
CRR711134_r2.fq.gz,fc4c59c4f66f27b4f42c6a30baef2395,fc4c59c4f66f27b4f42c6a30baef2395,True
CRR711135_f1.fq.gz,31df01e1b8287f74fbf4cc5d2bfeb336,31df01e1b8287f74fbf4cc5d2bfeb336,True
CRR711135_r2.fq.gz,bc440e491dcde57d13f306e457219b1b,bc440e491dcde57d13f306e457219b1b,True
CRR711136_f1.fq.gz,ca9e5fef85cffaa5af2abf134b04004c,ca9e5fef85cffaa5af2abf134b04004c,True
CRR711136_r2.fq.gz,0a6db167e603994973ff05d4a509d586,0a6db167e603994973ff05d4a509d586,True
CRR711137_f1.fq.gz,30be2b858b0cd3e6194a482292724ae0,30be2b858b0cd3e6194a482292724ae0,True
CRR711137_r2.fq.gz,95f828ad467471f38d3aa17c03cfb0ae,95f828ad467471f38d3aa17c03cfb0ae,True
CRR711138_f1.fq.gz,59fe80e23c95bc88a82ffeb4ad00e519,59fe80e23c95bc88a82ffeb4ad00e519,True
CRR711138_r2.fq.gz,24850e95645c3a1b6724024efe5aec82,24850e95645c3a1b6724024efe5aec82,True
CRR711139_f1.fq.gz,f09befc143f4ffa0dd328e2d534910b0,f09befc143f4ffa0dd328e2d534910b0,True
CRR711139_r2.fq.gz,f35b5b1d70a8c70ec536b08f18300419,f35b5b1d70a8c70ec536b08f18300419,True
CRR711140_f1.fq.gz,fd24950bafbe8375eb884a7ccdf151f3,fd24950bafbe8375eb884a7ccdf151f3,True
CRR711140_r2.fq.gz,79e780d9c9ff704ffdfe29b6fae61e35,79e780d9c9ff704ffdfe29b6fae61e35,True
CRR711141_f1.fq.gz,1c2baee38e1a66f0fd5fb062ade9d857,1c2baee38e1a66f0fd5fb062ade9d857,True
CRR711141_r2.fq.gz,8e131f1a991852071986092dc0ac8fb3,8e131f1a991852071986092dc0ac8fb3,True
CRR711142_f1.fq.gz,6a5f1d84be73d24e6d853e9497080858,6a5f1d84be73d24e6d853e9497080858,True
CRR711142_r2.fq.gz,8290271696ce429dc5fea438b101aee2,8290271696ce429dc5fea438b101aee2,True
CRR711152_f1.fastq.gz,c9049abacfed2cf1c48196770699d078,c9049abacfed2cf1c48196770699d078,True
CRR711152_r2.fastq.gz,2104d00bf6133adf3197553afb10a3b3,2104d00bf6133adf3197553afb10a3b3,True
CRR711153_f1.fastq.gz,fd9cb93954398e8c2d28f0e3a0838d94,fd9cb93954398e8c2d28f0e3a0838d94,True
CRR711153_r2.fastq.gz,c1391891a0add1d3af7ef1bc3033ebcc,c1391891a0add1d3af7ef1bc3033ebcc,True
CRR711154_f1.fastq.gz,67fad70a84cef2ce0068e6cd473a98a8,67fad70a84cef2ce0068e6cd473a98a8,True
CRR711154_r2.fastq.gz,f6285a967315383ec662ca5d131d22d4,f6285a967315383ec662ca5d131d22d4,True
CRR711155_f1.fastq.gz,16948b8086b82d2db71fd2ec45a2e71e,16948b8086b82d2db71fd2ec45a2e71e,True
CRR711155_r2.fastq.gz,0fbc49063a00a97111358513ed1a153b,0fbc49063a00a97111358513ed1a153b,True
